10001,Angela,Olson,Deputy Chief,Basic EMT,
10002,Erica,Dean,Deputy Chief,Advanced EMT,
10003,Josefina,Bennett,Deputy Chief,Basic EMT,
10004,Nina,Munoz,Captain I,Paramedic,
10005,Henry,Zuniga,Captain I,Paramedic,
10006,Jonathan,Greene,Captain II,Paramedic,
10007,Skylar,Prince,Captain I,Paramedic,
10008,Myah,Ruiz,Captain I,Paramedic,
10009,Susan,Marshall,Captain II,Paramedic,
10010,Brett,Berry,Captain I,Paramedic,
10011,Nora,Wallace,Captain I,Paramedic,
10012,Bennie,Ray,Captain II,Paramedic,
10013,Harvey,Shelton,Captain I,Paramedic,
10014,Irving,Cummings,Captain I,Paramedic,
10015,Elisa,Gross,Captain I,Paramedic,
10016,Antoinette,Blake,Captain II,Paramedic,
10017,Shelia,Bowen,Captain I,Paramedic,
10018,Debra,Smith,Captain I,Paramedic,
10019,Gregg,Sanchez,Captain I,Paramedic,
10020,Shane,Osborne,Captain II,Paramedic,
10021,Mae,Flores,Captain I,Paramedic,
10022,Shannon,Tyler,Captain I,Advanced EMT,
10023,Sarah,Dunn,Captain II,Basic EMT,
10024,Johnnie,Fox,Captain II,Paramedic,
10025,Katherine,Becker,Captain I,Basic EMT,
10026,Jaime,Mclaughlin,Captain II,Basic EMT,
10027,Marco,Thomas,Captain I,Paramedic,
10028,Phil,Lane,Captain II,Basic EMT,
10029,Elaine,Black,Captain I,Advanced EMT,
10030,Dominic,Harris,Captain I,Basic EMT,
10031,Vernon,Gomez,Captain I,Paramedic,
10032,Dominic,Underwood,Battalion Chief,Basic EMT,
10033,Shawn,Crawford,Battalion Chief,Basic EMT,
10034,Casey,Mason,Battalion Chief,Advanced EMT,
10035,Jessica,Gibbs,Battalion Chief,Basic EMT,
10036,Javier,Clarke,Battalion Chief,Paramedic,
10037,Penny,Silva,Battalion Chief,Basic EMT,
10038,Wm,Mendoza,Battalion Chief,Basic EMT,
10039,Lorenzo,Rhodes,Battalion Chief,Advanced EMT,
10040,Chester,Jones,Battalion Chief,Paramedic,
10041,Cory,Briggs,Battalion Chief,Basic EMT,
10042,Elvira,Patrick,Battalion Chief,Basic EMT,
10043,Curtis,Massey,Battalion Chief,Advanced EMT,
10044,Arthur,Sanders,Battalion Chief,Basic EMT,
10045,Rosa,Davis,Battalion Chief,Basic EMT,
10046,Marcella,Barber,Battalion Chief,Paramedic,
10047,Sheri,Farmer,Battalion Chief,Basic EMT,
10048,Arturo,Jackson,Battalion Chief,Basic EMT,
10049,Alexander,Wise,Battalion Chief,Advanced EMT,
10050,Tabitha,Snyder,Battalion Chief,Basic EMT,
10051,Annie,Armstrong,Battalion Chief,Paramedic,
10052,Ernesto,French,Lieutenant,Basic EMT,
10053,Jaime,Bennett,Lieutenant,Basic EMT,
10054,Donald,Robinson,Lieutenant,Paramedic,
10055,Ollie,Bell,Captain I,Advanced EMT,1003
10056,Constance,Parker,Captain II,Advanced EMT,1009
10057,Semaj,Romero,Captain II,Advanced EMT,1019
10058,Valerie,Cole,Captain I,Advanced EMT,1029
10059,Alice,Chavez,Captain I,Advanced EMT,1041
10060,Gerard,Clarke,Captain II,Advanced EMT,1049
10061,Angie,White,Captain I,Advanced EMT,1060
10062,Peter,Collier,Captain II,Advanced EMT,1069
10063,Rachael,Bridges,Captain II,Advanced EMT,1077
10064,Coleman,Carpenter,Captain I,Advanced EMT,1080
10065,Anne,Rodriguez,Captain I,Advanced EMT,1086
10066,Vernon,Carter,Captain II,Advanced EMT,1091
10067,Barbara,Manning,Captain II,Advanced EMT,1099
10068,Norman,Nichols,Captain I,Advanced EMT,1108
10069,Lonnie,Lucas,Captain II,Advanced EMT,1117
10070,Zachariah,Mays,Fighterfighter,Advanced EMT,1079
10071,Ellen,Wells,Technician,Advanced EMT,1003
10072,Clifford,Lawson,Technician,Advanced EMT,1081
10073,Camille,Casey,Fighterfighter,Advanced EMT,1082
10074,Clarence,Torres,Fighterfighter,Advanced EMT,1005
10075,Alicia,Luna,Technician,Advanced EMT,1006
10076,Susan,Mccoy,Fighterfighter,Advanced EMT,1046
10077,Ethel,Abbott,Fighterfighter,Advanced EMT,1047
10078,Devin,Flores,Technician,Advanced EMT,1010
10079,Adrien,Frye,Fighterfighter,Advanced EMT,1011
10080,Stella,James,Technician,Advanced EMT,1050
10081,Tabitha,Burton,Technician,Advanced EMT,1013
10082,Colleen,Young,Technician,Advanced EMT,1053
10083,Lynette,Robertson,Fighterfighter,Advanced EMT,1054
10084,Marvin,Blake,Fighterfighter,Advanced EMT,1016
10085,Cody,Lambert,Fighterfighter,Advanced EMT,1095
10086,Pamela,Phelps,Fighterfighter,Advanced EMT,1018
10087,Helen,Alvarez,Technician,Advanced EMT,1058
10088,Marcia,Ward,Technician,Advanced EMT,1059
10089,Aubrey,Horton,Fighterfighter,Advanced EMT,1021
10090,Pat,Greene,Technician,Advanced EMT,1022
10091,Rhonda,Townsend,Fighterfighter,Advanced EMT,1061
10092,Megan,Goodman,Fighterfighter,Advanced EMT,1062
10093,Tracy,Silva,Fighterfighter,Advanced EMT,1063
10094,Woodrow,Nunez,Technician,Advanced EMT,1104
10095,Kenny,Lopez,Fighterfighter,Advanced EMT,1105
10096,Francis,Day,Fighterfighter,Advanced EMT,1029
10097,Gregg,Chambers,Fighterfighter,Advanced EMT,1108
10098,Gerard,Elliott,Technician,Advanced EMT,1033
10099,Dominick,Patrick,Technician,Advanced EMT,1073
10100,Edna,Hoffman,Technician,Advanced EMT,1075
10101,Mona,Ryan,Fighterfighter,Advanced EMT,1115
10102,Brandon,Stevenson,Fighterfighter,Advanced EMT,1117
10103,Beulah,Garrett,Master Technician,Advanced EMT,1075
10104,Sharon,French,Technician,Advanced EMT,1114
10105,Antonia,Maldonado,Fighterfighter,Advanced EMT,1005
10106,Cecilia,Phelps,Technician,Advanced EMT,1084
10107,Carrie,Barnett,Technician,Advanced EMT,1084
10108,Barry,Richardson,Fighterfighter,Advanced EMT,1008
10109,Shirley,Butler,Fighterfighter,Advanced EMT,1010
10110,Peggy,Becker,Technician,Advanced EMT,1089
10111,Clayton,Cortez,Fighterfighter,Advanced EMT,1092
10112,Howard,Park,Technician,Advanced EMT,1056
10113,Molly,Brown,Fighterfighter,Advanced EMT,1019
10114,Elmer,Oliver,Fighterfighter,Advanced EMT,1098
10115,Erma,Leonard,Fighterfighter,Advanced EMT,1023
10116,Ben,Norman,Fighterfighter,Advanced EMT,1025
10117,Erin,Jordan,Fighterfighter,Advanced EMT,1026
10118,April,Washington,Fighterfighter,Advanced EMT,1028
10119,Pedro,Russell,Technician,Advanced EMT,1109
10120,Dominic,Rose,Fighterfighter,Advanced EMT,1110
10121,Roberto,Mendez,Technician,Advanced EMT,1112
10122,Darren,Merritt,Technician,Advanced EMT,1076
10123,Ruby,Clayton,Fighterfighter,Advanced EMT,1039
10124,Tiffany,Gibbs,Master Technician,Advanced EMT,1047
10125,Tony,Holt,Lieutenant,Advanced EMT,1050
10126,Eugene,Freeman,Lieutenant,Advanced EMT,1089
10127,Whitney,Harrison,Technician,Advanced EMT,1015
10128,Kelli,Woods,Master Technician,Advanced EMT,1054
10129,Maria,Baker,Master Technician,Advanced EMT,1016
10130,Casey,Knight,Technician,Advanced EMT,1094
10131,Derrick,Mann,Lieutenant,Advanced EMT,1096
10132,Omari,Logan,Lieutenant,Advanced EMT,1023
10133,Saul,Owens,Master Technician,Advanced EMT,1035
10134,Edna,Abbott,Lieutenant,Advanced EMT,1074
10135,Frances,Bowers,Master Technician,Advanced EMT,1113
10136,Blanca,Schultz,Master Technician,Advanced EMT,1039
10137,Reginald,Moreno,Master Technician,Advanced EMT,1078
10138,Kim,Reynolds,Master Technician,Advanced EMT,1117
10139,Marc,Sanchez,Lieutenant,Advanced EMT,1001
10140,Bessie,Haynes,Lieutenant,Advanced EMT,1040
10141,Milton,Torres,Lieutenant,Advanced EMT,1004
10142,Laura,Ortega,Lieutenant,Advanced EMT,1043
10143,Stephanie,Ramos,Lieutenant,Advanced EMT,1082
10144,Remington,Riggs,Lieutenant,Advanced EMT,1005
10145,Kiersten,Miller,Lieutenant,Advanced EMT,1044
10146,Brooks,Stanton,Fighterfighter,Advanced EMT,1083
10147,Marian,Morgan,Fighterfighter,Advanced EMT,1046
10148,Pearl,Alvarado,Lieutenant,Advanced EMT,1008
10149,Linda,Leonard,Fighterfighter,Advanced EMT,1047
10150,Brooke,Austin,Fighterfighter,Advanced EMT,1086
10151,Olga,Mendoza,Master Technician,Advanced EMT,1019
10152,Bert,Warren,Lieutenant,Advanced EMT,1097
10153,Anthony,Price,Fighterfighter,Advanced EMT,1060
10154,Freda,Bates,Lieutenant,Advanced EMT,1099
10155,Sonia,Robertson,Lieutenant,Advanced EMT,1061
10156,Paula,Fisher,Lieutenant,Advanced EMT,1026
10157,Charlene,Manning,Fighterfighter,Advanced EMT,1026
10158,Bethany,Porter,Fighterfighter,Advanced EMT,1104
10159,Nathan,Wise,Technician,Advanced EMT,1066
10160,Michelle,Perez,Lieutenant,Advanced EMT,1071
10161,Alyssa,Leonard,Fighterfighter,Advanced EMT,1071
10162,Candice,Adams,Fighterfighter,Advanced EMT,1110
10163,Noel,Richards,Fighterfighter,Advanced EMT,1073
10164,Alvin,Morrison,Fighterfighter,Advanced EMT,1112
10165,Jeannette,Bowen,Fighterfighter,Advanced EMT,1075
10166,Allison,Bennett,Master Technician,Advanced EMT,1114
10167,Kenny,Owens,Lieutenant,Advanced EMT,1037
10168,Nichole,Fuller,Lieutenant,Advanced EMT,1076
10169,Kyle,Mccormick,Fighterfighter,Advanced EMT,1076
10170,Sheri,Marshall,Technician,Advanced EMT,1009
10171,Aubrey,Burns,Fighterfighter,Advanced EMT,1048
10172,Bridget,Shelton,Fighterfighter,Advanced EMT,1091
10173,Roger,Wagner,Fighterfighter,Advanced EMT,1095
10174,Melissa,Henderson,Technician,Advanced EMT,1115
10175,Yolanda,Terry,Technician,Advanced EMT,1077
10176,Terry,Pratt,Fighterfighter,Advanced EMT,1116
10177,Ted,Mcgee,Captain II,Paramedic,1001
10178,Pete,Curry,Captain I,Paramedic,1007
10179,Enzo,Perez,Captain I,Paramedic,1012
10180,Declan,Camacho,Captain II,Paramedic,1017
10181,Tamara,Patton,Captain I,Paramedic,1022
10182,Jenna,Brewer,Captain II,Paramedic,1027
10183,Drew,Pearson,Captain I,Paramedic,1031
10184,Ebony,Newman,Captain I,Paramedic,1035
10185,Grace,Logan,Captain I,Paramedic,1039
10186,Irene,Terry,Captain I,Paramedic,1045
10187,Wilbur,Carter,Captain I,Paramedic,1056
10188,Jasmine,Barber,Captain I,Paramedic,1065
10189,Dale,Roberson,Captain I,Paramedic,1072
10190,Chace,Kaiser,Captain I,Paramedic,1082
10191,Susie,Diaz,Captain II,Paramedic,1094
10192,Jessica,Thomas,Captain II,Paramedic,1104
10193,Essie,Yates,Captain I,Paramedic,1112
10194,Shelly,Castillo,Captain II,Paramedic,1114
10195,Lukas,Pena,Fighterfighter,Paramedic,1001
10196,Denise,Robbins,Fighterfighter,Paramedic,1040
10197,Cullen,Reilly,Technician,Paramedic,1079
10198,Braden,Rojas,Fighterfighter,Paramedic,1002
10199,Claude,Bell,Technician,Paramedic,1041
10200,John,Cooper,Fighterfighter,Paramedic,1080
10201,Luke,Dean,Fighterfighter,Paramedic,1003
10202,Paulette,Watkins,Technician,Paramedic,1042
10203,Olive,Grant,Fighterfighter,Paramedic,1081
10204,Garrett,Peters,Fighterfighter,Paramedic,1004
10205,Miguel,Green,Fighterfighter,Paramedic,1043
10206,Noah,Hogan,Fighterfighter,Paramedic,1082
10207,Greg,Hill,Fighterfighter,Paramedic,1005
10208,Orville,Vasquez,Fighterfighter,Paramedic,1044
10209,Joyce,Gibbs,Fighterfighter,Paramedic,1083
10210,Johnathan,Joseph,Fighterfighter,Paramedic,1006
10211,Clara,Cruz,Technician,Paramedic,1045
10212,Sheryl,Figueroa,Fighterfighter,Paramedic,1084
10213,Lori,Cobb,Technician,Paramedic,1007
10214,Priscilla,Harvey,Technician,Paramedic,1046
10215,Roosevelt,Mendoza,Technician,Paramedic,1085
10216,Hugh,Armstrong,Technician,Paramedic,1008
10217,Derek,Taylor,Fighterfighter,Paramedic,1047
10218,Patty,Underwood,Fighterfighter,Paramedic,1086
10219,Lorene,Curtis,Fighterfighter,Paramedic,1009
10220,Tyrone,Franklin,Fighterfighter,Paramedic,1048
10221,Cheryl,Fox,Fighterfighter,Paramedic,1087
10222,Daisy,Carson,Fighterfighter,Paramedic,1010
10223,Alisa,Kidd,Technician,Paramedic,1049
10224,Esperanza,Orr,Fighterfighter,Paramedic,1088
10225,Hudson,Mccullough,Fighterfighter,Paramedic,1011
10226,Sage,Pacheco,Fighterfighter,Paramedic,1050
10227,Kathy,Curtis,Technician,Paramedic,1089
10228,Camryn,Cox,Technician,Paramedic,1012
10229,Lydia,Mendez,Fighterfighter,Paramedic,1051
10230,Anabella,Benton,Fighterfighter,Paramedic,1090
10231,Yvonne,Lewis,Fighterfighter,Paramedic,1013
10232,Jorge,Steele,Technician,Paramedic,1052
10233,Brittany,Mcgee,Fighterfighter,Paramedic,1091
10234,Jenny,Kelley,Fighterfighter,Paramedic,1014
10235,Johanna,Boyd,Fighterfighter,Paramedic,1053
10236,Jessie,Rhodes,Technician,Paramedic,1092
10237,Vivian,Caldwell,Fighterfighter,Paramedic,1015
10238,Erik,Collins,Fighterfighter,Paramedic,1054
10239,Preston,Potter,Fighterfighter,Paramedic,1093
10240,Pablo,Jensen,Fighterfighter,Paramedic,1016
10241,Maureen,Ingram,Fighterfighter,Paramedic,1055
10242,Marilyn,Harrison,Fighterfighter,Paramedic,1094
10243,Lena,Fox,Technician,Paramedic,1017
10244,Nick,Malone,Technician,Paramedic,1056
10245,Amy,Ramirez,Fighterfighter,Paramedic,1095
10246,Andrea,Burke,Technician,Paramedic,1018
10247,Moses,Patterson,Fighterfighter,Paramedic,1057
10248,Joe,Mathis,Technician,Paramedic,1096
10249,Kerry,Payne,Fighterfighter,Paramedic,1019
10250,Zachary,Wallace,Technician,Paramedic,1058
10251,Ervin,Ellis,Fighterfighter,Paramedic,1097
10252,Lucille,Perez,Technician,Paramedic,1020
10253,Olga,Simpson,Fighterfighter,Paramedic,1059
10254,Darren,Ferguson,Fighterfighter,Paramedic,1098
10255,Lana,Weber,Technician,Paramedic,1021
10256,Pat,Hale,Fighterfighter,Paramedic,1060
10257,Marcus,Welch,Technician,Paramedic,1099
10258,Mona,Mccarthy,Fighterfighter,Paramedic,1022
10259,Albert,Robinson,Technician,Paramedic,1061
10260,Bernard,Malone,Fighterfighter,Paramedic,1100
10261,Phyllis,Casey,Technician,Paramedic,1023
10262,Darrel,Edwards,Fighterfighter,Paramedic,1062
10263,Terence,Davidson,Technician,Paramedic,1101
10264,Miranda,Luna,Fighterfighter,Paramedic,1024
10265,Bridget,Delgado,Fighterfighter,Paramedic,1063
10266,Wilbert,Swanson,Fighterfighter,Paramedic,1102
10267,Brett,Stokes,Technician,Paramedic,1025
10268,Josh,Massey,Technician,Paramedic,1064
10269,Earl,Ramos,Technician,Paramedic,1103
10270,Lorenzo,Chavez,Fighterfighter,Paramedic,1026
10271,Leslie,Lane,Technician,Paramedic,1065
10272,Candace,Gregory,Fighterfighter,Paramedic,1104
10273,Ollie,Hughes,Fighterfighter,Paramedic,1027
10274,Jessica,Nash,Fighterfighter,Paramedic,1066
10275,Jana,Bowman,Fighterfighter,Paramedic,1105
10276,Irma,Guzman,Fighterfighter,Paramedic,1028
10277,Julian,Santos,Technician,Paramedic,1067
10278,Mack,Cohen,Fighterfighter,Paramedic,1106
10279,Jacquelyn,Goodman,Technician,Paramedic,1029
10280,Roberto,George,Fighterfighter,Paramedic,1068
10281,Melvin,Willis,Fighterfighter,Paramedic,1107
10282,Leo,Dean,Fighterfighter,Paramedic,1030
10283,Molly,Rodriquez,Fighterfighter,Paramedic,1069
10284,Marta,Bennett,Fighterfighter,Paramedic,1108
10285,Alexis,Klein,Fighterfighter,Paramedic,1031
10286,Saul,Townsend,Fighterfighter,Paramedic,1070
10287,Cynthia,Joseph,Fighterfighter,Paramedic,1109
10288,Rosemary,Pratt,Fighterfighter,Paramedic,1032
10289,Patty,Briggs,Fighterfighter,Paramedic,1071
10290,Jamie,Brady,Technician,Paramedic,1110
10291,Kelly,Carr,Fighterfighter,Paramedic,1033
10292,Bradford,Shaw,Fighterfighter,Paramedic,1072
10293,Dana,Gray,Fighterfighter,Paramedic,1111
10294,Micheal,Horton,Technician,Paramedic,1034
10295,Gary,Luna,Fighterfighter,Paramedic,1073
10296,Greg,Reed,Fighterfighter,Paramedic,1112
10297,Rachael,Coleman,Fighterfighter,Paramedic,1035
10298,Shane,Gomez,Technician,Paramedic,1074
10299,Estelle,Lewis,Fighterfighter,Paramedic,1113
10300,Carolyn,Evans,Fighterfighter,Paramedic,1036
10301,Charlene,Figueroa,Fighterfighter,Paramedic,1075
10302,Ronnie,Dawson,Fighterfighter,Paramedic,1114
10303,Justin,Campbell,Technician,Paramedic,1037
10304,Pedro,Maxwell,Fighterfighter,Paramedic,1076
10305,Adrian,Glover,Technician,Paramedic,1115
10306,Elias,Burgess,Technician,Paramedic,1038
10307,Priscilla,Hughes,Fighterfighter,Paramedic,1077
10308,Bradley,Gregory,Technician,Paramedic,1116
10309,Jenny,Knight,Fighterfighter,Paramedic,1039
10310,Howard,Peters,Fighterfighter,Paramedic,1078
10311,Gertrude,Davidson,Technician,Paramedic,1117
10312,Hattie,Floyd,Lieutenant,Paramedic,1036
10313,Harold,Hill,Technician,Paramedic,1036
10314,Bert,Moody,Master Technician,Paramedic,1075
10315,Natalie,Murphy,Technician,Paramedic,1075
10316,Genevieve,Wallace,Technician,Paramedic,1114
10317,Theodore,Matthews,Lieutenant,Paramedic,1001
10318,Lena,Hammond,Technician,Paramedic,1040
10319,Jordan,Russell,Fighterfighter,Paramedic,1079
10320,Jody,Rice,Lieutenant,Paramedic,1002
10321,Miranda,Lane,Technician,Paramedic,1041
10322,Alfonso,Beck,Fighterfighter,Paramedic,1041
10323,Lynda,Bass,Fighterfighter,Paramedic,1080
10324,Lucille,Tran,Fighterfighter,Paramedic,1003
10325,Elsie,Burton,Lieutenant,Paramedic,1042
10326,Felicia,Pope,Fighterfighter,Paramedic,1081
10327,Ollie,Murray,Lieutenant,Paramedic,1004
10328,Luis,Rogers,Technician,Paramedic,1043
10329,Brenda,Roberson,Fighterfighter,Paramedic,1082
10330,Naomi,Vasquez,Lieutenant,Paramedic,1005
10331,Meredith,Romero,Technician,Paramedic,1044
10332,Orville,Jennings,Fighterfighter,Paramedic,1044
10333,Katherine,Collier,Fighterfighter,Paramedic,1083
10334,Johnny,Jenkins,Fighterfighter,Paramedic,1005
10335,Kathryn,Ortiz,Lieutenant,Paramedic,1044
10336,Jorge,Flowers,Fighterfighter,Paramedic,1083
10337,Mathew,Douglas,Lieutenant,Paramedic,1006
10338,Bruce,Mills,Technician,Paramedic,1045
10339,Betsy,Berry,Fighterfighter,Paramedic,1084
10340,Jeanette,Lloyd,Lieutenant,Paramedic,1006
10341,Elena,Kim,Technician,Paramedic,1045
10342,Caroline,Morton,Fighterfighter,Paramedic,1045
10343,Terri,Payne,Fighterfighter,Paramedic,1084
10344,Edgar,Barber,Fighterfighter,Paramedic,1007
10345,Margaret,Lindsey,Lieutenant,Paramedic,1046
10346,Elvira,Fields,Fighterfighter,Paramedic,1085
10347,Tara,May,Lieutenant,Paramedic,1007
10348,Beatrice,Lawrence,Technician,Paramedic,1046
10349,Roy,Barton,Fighterfighter,Paramedic,1085
10350,Ollie,Fitzgerald,Lieutenant,Paramedic,1008
10351,Joel,Cruz,Technician,Paramedic,1047
10352,Adam,Jones,Fighterfighter,Paramedic,1047
10353,Sheri,Lawrence,Fighterfighter,Paramedic,1086
10354,Rosalie,Washington,Fighterfighter,Paramedic,1008
10355,Frederick,Townsend,Lieutenant,Paramedic,1047
10356,Bryan,Poole,Fighterfighter,Paramedic,1086
10357,Laurie,Brady,Lieutenant,Paramedic,1009
10358,Brent,Moore,Technician,Paramedic,1048
10359,Alfred,Jennings,Fighterfighter,Paramedic,1048
10360,Cody,Marsh,Fighterfighter,Paramedic,1087
10361,Brooke,Reese,Fighterfighter,Paramedic,1010
10362,Jerome,Mcguire,Lieutenant,Paramedic,1049
10363,Veronica,Rios,Fighterfighter,Paramedic,1088
10364,Marcus,Greene,Lieutenant,Paramedic,1011
10365,Grace,Harrington,Technician,Paramedic,1050
10366,Matthew,Griffin,Fighterfighter,Paramedic,1089
10367,Jeff,Delgado,Lieutenant,Paramedic,1012
10368,Darla,Powell,Technician,Paramedic,1051
10369,Marcia,Rose,Fighterfighter,Paramedic,1051
10370,Manuel,Ballard,Fighterfighter,Paramedic,1090
10371,Thelma,Williamson,Fighterfighter,Paramedic,1013
10372,Emmett,Ingram,Lieutenant,Paramedic,1052
10373,Gordon,Sims,Fighterfighter,Paramedic,1091
10374,Ginger,Saunders,Fighterfighter,Paramedic,1014
10375,Kim,Wise,Lieutenant,Paramedic,1053
10376,Donnie,Grant,Fighterfighter,Paramedic,1092
10377,Mattie,Hines,Lieutenant,Paramedic,1015
10378,Jan,Boyd,Technician,Paramedic,1054
10379,Susan,Rhodes,Fighterfighter,Paramedic,1093
10380,Clyde,Jefferson,Lieutenant,Paramedic,1016
10381,Mandy,May,Technician,Paramedic,1055
10382,Stanley,Torres,Fighterfighter,Paramedic,1055
10383,Rudy,Nguyen,Fighterfighter,Paramedic,1094
10384,Mae,Hammond,Fighterfighter,Paramedic,1017
10385,Casey,Wagner,Lieutenant,Paramedic,1056
10386,Lillian,Sanchez,Fighterfighter,Paramedic,1095
10387,Sidney,Casey,Lieutenant,Paramedic,1018
10388,Hope,Gardner,Technician,Paramedic,1057
10389,Drew,Smith,Fighterfighter,Paramedic,1096
10390,Terence,Ray,Lieutenant,Paramedic,1019
10391,Elias,Goodman,Technician,Paramedic,1058
10392,Brooke,Ingram,Fighterfighter,Paramedic,1058
10393,Ora,Farmer,Fighterfighter,Paramedic,1097
10394,Marion,Pena,Lieutenant,Paramedic,1019
10395,Olive,Curtis,Technician,Paramedic,1058
10396,Santos,Patton,Fighterfighter,Paramedic,1058
10397,Glen,Bridges,Fighterfighter,Paramedic,1097
10398,Olivia,Davidson,Fighterfighter,Paramedic,1020
10399,Alvin,Ball,Lieutenant,Paramedic,1059
10400,Debra,Chavez,Fighterfighter,Paramedic,1098
10401,Cameron,Riley,Fighterfighter,Paramedic,1021
10402,Melvin,Hale,Lieutenant,Paramedic,1060
10403,Melody,Richards,Fighterfighter,Paramedic,1099
10404,Jennifer,Beck,Lieutenant,Paramedic,1022
10405,Max,Stephens,Technician,Paramedic,1061
10406,Amelia,Day,Fighterfighter,Paramedic,1100
10407,Henry,Rodriguez,Lieutenant,Paramedic,1023
10408,Everett,Gardner,Technician,Paramedic,1062
10409,Carlton,Blake,Fighterfighter,Paramedic,1062
10410,Clayton,Summers,Fighterfighter,Paramedic,1101
10411,Flora,Park,Fighterfighter,Paramedic,1024
10412,Anna,Salazar,Lieutenant,Paramedic,1063
10413,Tiffany,Hardy,Fighterfighter,Paramedic,1102
10414,Victoria,Montgomery,Lieutenant,Paramedic,1025
10415,Andy,Johnston,Technician,Paramedic,1064
10416,Darren,Cooper,Fighterfighter,Paramedic,1103
10417,Tony,Byrd,Lieutenant,Paramedic,1026
10418,Stacey,Barnett,Technician,Paramedic,1065
10419,Luke,Rivera,Fighterfighter,Paramedic,1065
10420,Randy,Vega,Fighterfighter,Paramedic,1104
10421,Dominic,Ford,Lieutenant,Paramedic,1027
10422,Hannah,Burns,Technician,Paramedic,1066
10423,Monique,Collins,Fighterfighter,Paramedic,1066
10424,Jamie,Houston,Fighterfighter,Paramedic,1105
10425,Steve,Sutton,Fighterfighter,Paramedic,1028
10426,Jenna,Hunt,Lieutenant,Paramedic,1067
10427,Micheal,Cruz,Fighterfighter,Paramedic,1106
10428,Edmund,Hunter,Fighterfighter,Paramedic,1029
10429,Wilbur,Morales,Lieutenant,Paramedic,1068
10430,Barry,Quinn,Fighterfighter,Paramedic,1107
10431,Zachary,Bennett,Lieutenant,Paramedic,1030
10432,Tami,Edwards,Technician,Paramedic,1069
10433,Horace,Bryant,Fighterfighter,Paramedic,1108
10434,Ken,Leonard,Lieutenant,Paramedic,1031
10435,Lisa,Henry,Technician,Paramedic,1070
10436,Jodi,Matthews,Fighterfighter,Paramedic,1070
10437,Claire,Gordon,Fighterfighter,Paramedic,1109
10438,Kelvin,Young,Fighterfighter,Paramedic,1032
10439,Terrell,Graves,Lieutenant,Paramedic,1071
10440,Jean,Palmer,Fighterfighter,Paramedic,1110
10441,Josh,Cross,Lieutenant,Paramedic,1033
10442,Katrina,Avila,Technician,Paramedic,1072
10443,Paulina,Werner,Fighterfighter,Paramedic,1111
10444,Candice,Shaw,Lieutenant,Paramedic,1034
10445,Clay,Rice,Technician,Paramedic,1073
10446,Annie,Gilbert,Fighterfighter,Paramedic,1073
10447,Carlton,Townsend,Fighterfighter,Paramedic,1112
10448,Lee,Ortega,Lieutenant,Paramedic,1035
10449,Michael,Brown,Technician,Paramedic,1074
10450,Marion,Rose,Fighterfighter,Paramedic,1113
10451,Lonnie,Schneider,Lieutenant,Paramedic,1036
10452,Nancy,Berry,Technician,Paramedic,1075
10453,Crystal,Calderon,Fighterfighter,Paramedic,1075
10454,Darren,Davies,Fighterfighter,Paramedic,1114
10455,Duncan,Medina,Fighterfighter,Paramedic,1037
10456,Carolyn,Robertson,Lieutenant,Paramedic,1076
10457,Donald,Bowers,Fighterfighter,Paramedic,1115
10458,Nelson,Garner,Lieutenant,Paramedic,1038
10459,Katie,Wood,Technician,Paramedic,1077
10460,Shannon,Ortiz,Fighterfighter,Paramedic,1116
10461,Antoinette,Schmidt,Lieutenant,Paramedic,1039
10462,Rosalie,Moran,Technician,Paramedic,1078
10463,Alfredo,Peterson,Fighterfighter,Paramedic,1078
10464,Jesus,Nunez,Fighterfighter,Paramedic,1117
10465,Bethany,Taylor,Technician,Paramedic,1008
10466,Sandra,Brewer,Master Technician,Paramedic,1047
10467,Lucy,Tyler,Master Technician,Paramedic,1011
10468,Stephanie,Howell,Master Technician,Paramedic,1089
10469,Randolph,Hernandez,Master Technician,Paramedic,1093
10470,Tamara,Figueroa,Master Technician,Paramedic,1055
10471,Linda,Horton,Lieutenant,Paramedic,1057
10472,Brad,Page,Master Technician,Paramedic,1101
10473,Jesse,Barnett,Master Technician,Paramedic,1074
10474,Mitchell,Klein,Technician,Paramedic,1039
10475,Ernest,Phillips,Master Technician,Paramedic,1117
10476,Erika,Montgomery,Fighterfighter,Paramedic,1040
10477,Timothy,Meyer,Lieutenant,Paramedic,1079
10478,Nelson,Peters,Master Technician,Paramedic,1004
10479,Harold,Hutchinson,Master Technician,Paramedic,1082
10480,Lydia,Carroll,Master Technician,Paramedic,1005
10481,Anna,Rice,Fighterfighter,Paramedic,1007
10482,Cory,Steele,Fighterfighter,Paramedic,1085
10483,Corey,Day,Fighterfighter,Paramedic,1008
10484,Judy,Bishop,Lieutenant,Paramedic,1086
10485,Randall,Bridges,Fighterfighter,Paramedic,1058
10486,Ernest,Wagner,Master Technician,Paramedic,1021
10487,Luke,Watkins,Lieutenant,Paramedic,1022
10488,Beatrice,Wade,Technician,Paramedic,1061
10489,Brandy,Vasquez,Fighterfighter,Paramedic,1065
10490,Alton,Austin,Lieutenant,Paramedic,1066
10491,Larry,Cooper,Fighterfighter,Paramedic,1032
10492,Diana,Lowe,Lieutenant,Paramedic,1110
10493,Terrence,Matthews,Master Technician,Paramedic,1034
10494,Leonard,Todd,Master Technician,Paramedic,1112
10495,Barbara,Pratt,Master Technician,Paramedic,1036
10496,Roosevelt,Carpenter,Master Technician,Paramedic,1037
10497,Alma,King,Lieutenant,Paramedic,1115
10498,Ralph,Gray,Technician,Paramedic,1052
10499,Micheal,Harvey,Technician,Paramedic,1095
10500,Herman,Adams,Technician,Paramedic,1113
10501,Agnes,Owens,Fighterfighter,Paramedic,1113
10502,Bertha,Holmes,Fighterfighter,Paramedic,1076
10503,Darrell,Daniels,Fighterfighter,Paramedic,1038
10504,Guy,Day,Captain I,Basic EMT,1002
10505,Ray,Johnston,Captain I,Basic EMT,1004
10506,Amos,Santos,Captain II,Basic EMT,1005
10507,Randolph,Bradley,Captain I,Basic EMT,1006
10508,Marion,Castro,Captain I,Basic EMT,1008
10509,Brandy,Sims,Captain II,Basic EMT,1010
10510,Gisselle,Williamson,Captain I,Basic EMT,1011
10511,Jayda,Suarez,Captain I,Basic EMT,1013
10512,Connor,Crosby,Captain II,Basic EMT,1014
10513,Melissa,Lee,Captain I,Basic EMT,1015
10514,German,Riley,Captain I,Basic EMT,1016
10515,Giuliana,Walton,Captain I,Basic EMT,1018
10516,Yair,Morrison,Captain I,Basic EMT,1020
10517,Christine,Roy,Captain I,Basic EMT,1021
10518,Margarita,Lloyd,Captain I,Basic EMT,1023
10519,Patsy,Farmer,Captain II,Basic EMT,1024
10520,Dana,Moss,Captain I,Basic EMT,1025
10521,Bert,Richards,Captain I,Basic EMT,1026
10522,Herman,Abbott,Captain I,Basic EMT,1028
10523,Doris,Hart,Captain II,Basic EMT,1030
10524,Ivan,Francis,Captain II,Basic EMT,1032
10525,Jessie,Gonzalez,Captain I,Basic EMT,1033
10526,Muriel,Wilkins,Captain II,Basic EMT,1034
10527,Homer,Jennings,Captain I,Basic EMT,1036
10528,Miguel,Buchanan,Captain I,Basic EMT,1037
10529,Harriet,Little,Captain II,Basic EMT,1038
10530,Theresa,Edwards,Captain II,Basic EMT,1040
10531,Rufus,Swanson,Captain I,Basic EMT,1042
10532,Mable,Goodwin,Captain II,Basic EMT,1043
10533,Monique,Gutierrez,Captain I,Basic EMT,1044
10534,Delbert,Morrison,Captain II,Basic EMT,1046
10535,Shelly,Salazar,Captain I,Basic EMT,1047
10536,Harry,Brooks,Captain I,Basic EMT,1048
10537,Brenda,Wolfe,Captain I,Basic EMT,1050
10538,Lisa,Buchanan,Captain I,Basic EMT,1051
10539,Whitney,Graham,Captain II,Basic EMT,1052
10540,Irene,Craig,Captain I,Basic EMT,1053
10541,Elizabeth,Smith,Captain I,Basic EMT,1054
10542,Dan,Peterson,Captain I,Basic EMT,1055
10543,Kelley,Cook,Captain II,Basic EMT,1057
10544,Delores,Reyes,Captain I,Basic EMT,1058
10545,Doreen,Gomez,Captain II,Basic EMT,1059
10546,Houston,Benjamin,Captain I,Basic EMT,1061
10547,Bruno,Bowers,Captain II,Basic EMT,1062
10548,Tyson,Ferguson,Captain I,Basic EMT,1063
10549,Martha,Diaz,Captain II,Basic EMT,1064
10550,Gilberto,Parker,Captain I,Basic EMT,1066
10551,Elsie,James,Captain I,Basic EMT,1067
10552,Joy,Parks,Captain I,Basic EMT,1068
10553,Claudia,Logan,Captain II,Basic EMT,1070
10554,Geneva,Morris,Captain I,Basic EMT,1071
10555,Felipe,Carlson,Captain II,Basic EMT,1073
10556,Erik,Newman,Captain I,Basic EMT,1074
10557,Frank,Hudson,Captain I,Basic EMT,1075
10558,Georgia,Reese,Captain I,Basic EMT,1076
10559,Betsy,Wagner,Captain I,Basic EMT,1078
10560,Alejandro,Mcbride,Captain II,Basic EMT,1079
10561,Mckenna,Bailey,Captain I,Basic EMT,1081
10562,Esmeralda,Esparza,Captain I,Basic EMT,1083
10563,Dante,Gay,Captain II,Basic EMT,1084
10564,Randy,Nelson,Captain II,Basic EMT,1085
10565,Nicholas,Henry,Captain I,Basic EMT,1087
10566,Alberto,Houston,Captain II,Basic EMT,1088
10567,Lillie,Lindsey,Captain I,Basic EMT,1089
10568,Phillip,Mack,Captain I,Basic EMT,1090
10569,Joe,Banks,Captain I,Basic EMT,1092
10570,Kelly,Coleman,Captain I,Basic EMT,1093
10571,Clayton,Cole,Captain I,Basic EMT,1095
10572,Patti,Lopez,Captain I,Basic EMT,1096
10573,Kellie,Fox,Captain I,Basic EMT,1097
10574,Olive,Harris,Captain I,Basic EMT,1098
10575,Rachel,Morales,Captain I,Basic EMT,1100
10576,Angel,Wise,Captain I,Basic EMT,1101
10577,Woodrow,Sullivan,Captain II,Basic EMT,1102
10578,Eugene,Silva,Captain I,Basic EMT,1103
10579,Wayne,Schneider,Captain I,Basic EMT,1105
10580,Damon,Ballard,Captain II,Basic EMT,1106
10581,Gail,Roberson,Captain I,Basic EMT,1107
10582,Julius,Riley,Captain II,Basic EMT,1109
10583,Ida,Brady,Captain I,Basic EMT,1110
10584,Ana,Fleming,Captain I,Basic EMT,1111
10585,Leona,Maldonado,Captain I,Basic EMT,1113
10586,Javier,Cunningham,Captain I,Basic EMT,1115
10587,Corey,Payne,Captain I,Basic EMT,1116
10588,Kaylee,Wallace,Fighterfighter,Basic EMT,1001
10589,Faith,Casey,Technician,Basic EMT,1001
10590,Janiah,Collins,Fighterfighter,Basic EMT,1040
10591,Jakobe,Medina,Technician,Basic EMT,1040
10592,Malik,Howard,Fighterfighter,Basic EMT,1079
10593,Edgar,Knapp,Technician,Basic EMT,1002
10594,Cameron,Lopez,Fighterfighter,Basic EMT,1002
10595,Cora,Holt,Fighterfighter,Basic EMT,1041
10596,Clara,Nunez,Fighterfighter,Basic EMT,1041
10597,Leigh,Maldonado,Technician,Basic EMT,1080
10598,Rachael,Terry,Fighterfighter,Basic EMT,1080
10599,Roxanne,Knight,Fighterfighter,Basic EMT,1003
10600,Alexandra,George,Fighterfighter,Basic EMT,1042
10601,Oscar,Brooks,Fighterfighter,Basic EMT,1042
10602,Tommie,Turner,Fighterfighter,Basic EMT,1081
10603,Dana,Richards,Technician,Basic EMT,1004
10604,Ruben,Porter,Fighterfighter,Basic EMT,1004
10605,Ginger,Mack,Technician,Basic EMT,1043
10606,Madeline,Snyder,Technician,Basic EMT,1043
10607,Jorge,Hardy,Technician,Basic EMT,1082
10608,Antonio,Arnold,Technician,Basic EMT,1005
10609,Marilyn,Nguyen,Technician,Basic EMT,1044
10610,Faye,Mcbride,Fighterfighter,Basic EMT,1044
10611,Hilda,Woods,Technician,Basic EMT,1083
10612,Grant,Ramirez,Fighterfighter,Basic EMT,1083
10613,Kellie,Harvey,Fighterfighter,Basic EMT,1006
10614,Doug,Vargas,Fighterfighter,Basic EMT,1045
10615,Maurice,Brown,Fighterfighter,Basic EMT,1045
10616,Joan,Pittman,Technician,Basic EMT,1084
10617,Bernice,Garrett,Technician,Basic EMT,1084
10618,Mandy,Duncan,Fighterfighter,Basic EMT,1007
10619,Lora,Harper,Fighterfighter,Basic EMT,1007
10620,Darrin,Guerrero,Fighterfighter,Basic EMT,1046
10621,Leroy,Carroll,Fighterfighter,Basic EMT,1085
10622,Jacquelyn,Stokes,Fighterfighter,Basic EMT,1085
10623,Clarence,Phelps,Fighterfighter,Basic EMT,1008
10624,Melanie,Tran,Technician,Basic EMT,1008
10625,Jesse,Watts,Fighterfighter,Basic EMT,1047
10626,Edith,Kennedy,Technician,Basic EMT,1086
10627,Lisa,Ramsey,Technician,Basic EMT,1086
10628,Inez,Lopez,Fighterfighter,Basic EMT,1009
10629,Wm,Martinez,Technician,Basic EMT,1009
10630,Kevin,Wilkins,Fighterfighter,Basic EMT,1048
10631,Felicia,Porter,Fighterfighter,Basic EMT,1048
10632,Larry,Miles,Technician,Basic EMT,1087
10633,Johnny,Hunt,Fighterfighter,Basic EMT,1087
10634,Isis,Osborn,Fighterfighter,Basic EMT,1010
10635,Cristal,Acosta,Fighterfighter,Basic EMT,1049
10636,Shaun,Patton,Fighterfighter,Basic EMT,1049
10637,Winston,Strickland,Fighterfighter,Basic EMT,1088
10638,Nathalia,Hutchinson,Technician,Basic EMT,1088
10639,Jack,Cisneros,Technician,Basic EMT,1011
10640,Jacqueline,Wyatt,Fighterfighter,Basic EMT,1050
10641,Leonidas,Flores,Fighterfighter,Basic EMT,1089
10642,Sage,Dodson,Fighterfighter,Basic EMT,1089
10643,Ayla,Mccall,Fighterfighter,Basic EMT,1012
10644,Isai,Fletcher,Fighterfighter,Basic EMT,1012
10645,Maya,Ramos,Fighterfighter,Basic EMT,1051
10646,Kailee,Welch,Fighterfighter,Basic EMT,1051
10647,Azaria,Caldwell,Fighterfighter,Basic EMT,1090
10648,Jesus,Vaughan,Technician,Basic EMT,1090
10649,Heidi,Vasquez,Fighterfighter,Basic EMT,1013
10650,Austin,Ross,Fighterfighter,Basic EMT,1052
10651,Doyle,Tyler,Fighterfighter,Basic EMT,1052
10652,Michelle,Marshall,Technician,Basic EMT,1091
10653,Kelley,Myers,Fighterfighter,Basic EMT,1091
10654,Greg,Powers,Technician,Basic EMT,1014
10655,Elbert,Haynes,Technician,Basic EMT,1014
10656,Micheal,Sherman,Fighterfighter,Basic EMT,1053
10657,Joel,Gonzales,Fighterfighter,Basic EMT,1092
10658,Miriam,Lynch,Fighterfighter,Basic EMT,1092
10659,Marion,Porter,Technician,Basic EMT,1015
10660,Caleb,Huff,Fighterfighter,Basic EMT,1015
10661,Doyle,Becker,Technician,Basic EMT,1054
10662,Mitchell,Daniel,Technician,Basic EMT,1093
10663,Carole,Shaw,Fighterfighter,Basic EMT,1093
10664,Carrie,Frazier,Technician,Basic EMT,1016
10665,Deborah,Johnston,Fighterfighter,Basic EMT,1055
10666,Elijah,Baldwin,Technician,Basic EMT,1055
10667,Morris,Black,Fighterfighter,Basic EMT,1094
10668,Dallas,Neal,Technician,Basic EMT,1094
10669,Leland,Barker,Fighterfighter,Basic EMT,1017
10670,Colin,May,Fighterfighter,Basic EMT,1017
10671,Vanessa,Spencer,Fighterfighter,Basic EMT,1056
10672,Pedro,Hunter,Fighterfighter,Basic EMT,1056
10673,Jerome,Barrett,Technician,Basic EMT,1095
10674,Rudy,Webster,Fighterfighter,Basic EMT,1018
10675,Bernard,Bowman,Technician,Basic EMT,1057
10676,Rachael,Hubbard,Fighterfighter,Basic EMT,1057
10677,Cory,Lewis,Fighterfighter,Basic EMT,1096
10678,Trevor,Mcbride,Fighterfighter,Basic EMT,1096
10679,Mandy,Patton,Technician,Basic EMT,1019
10680,Lee,Reese,Fighterfighter,Basic EMT,1019
10681,Roxanne,Mcdaniel,Fighterfighter,Basic EMT,1058
10682,Albert,Garrett,Fighterfighter,Basic EMT,1097
10683,Wade,Jacobs,Technician,Basic EMT,1097
10684,Bradford,Rodgers,Fighterfighter,Basic EMT,1020
10685,Sue,Hogan,Fighterfighter,Basic EMT,1020
10686,Stephanie,Watts,Fighterfighter,Basic EMT,1059
10687,Roman,Sanchez,Fighterfighter,Basic EMT,1098
10688,Kendra,Walters,Technician,Basic EMT,1098
10689,Daisy,Barnett,Fighterfighter,Basic EMT,1021
10690,Wilma,Bridges,Technician,Basic EMT,1060
10691,Lisa,Morgan,Fighterfighter,Basic EMT,1060
10692,Lonnie,Wheeler,Technician,Basic EMT,1099
10693,Diane,Cain,Fighterfighter,Basic EMT,1099
10694,Pearl,Saunders,Fighterfighter,Basic EMT,1022
10695,Kellie,Brady,Fighterfighter,Basic EMT,1061
10696,Irvin,Baldwin,Technician,Basic EMT,1100
10697,Wilma,Myers,Fighterfighter,Basic EMT,1100
10698,Marlon,Thornton,Fighterfighter,Basic EMT,1023
10699,Matt,Jefferson,Technician,Basic EMT,1023
10700,Christy,Schwartz,Fighterfighter,Basic EMT,1062
10701,Lynn,Henry,Fighterfighter,Basic EMT,1101
10702,Renee,Boyd,Technician,Basic EMT,1101
10703,Holly,Perry,Fighterfighter,Basic EMT,1024
10704,Kathryn,Marshall,Technician,Basic EMT,1024
10705,Myron,Alvarez,Fighterfighter,Basic EMT,1063
10706,Juan,Jefferson,Technician,Basic EMT,1102
10707,Edward,Vasquez,Fighterfighter,Basic EMT,1102
10708,Kenneth,Wolfe,Fighterfighter,Basic EMT,1025
10709,Luther,Fields,Fighterfighter,Basic EMT,1025
10710,Hugo,Bailey,Fighterfighter,Basic EMT,1064
10711,Richard,Jones,Fighterfighter,Basic EMT,1064
10712,Van,Roberts,Fighterfighter,Basic EMT,1103
10713,Gina,Lee,Fighterfighter,Basic EMT,1103
10714,Melody,Clarke,Technician,Basic EMT,1026
10715,Cheryl,Potter,Fighterfighter,Basic EMT,1026
10716,Alfonso,Hudson,Fighterfighter,Basic EMT,1065
10717,Stacy,Graham,Fighterfighter,Basic EMT,1065
10718,Oliver,Jacobs,Fighterfighter,Basic EMT,1104
10719,Gayle,Chandler,Fighterfighter,Basic EMT,1027
10720,Al,Warner,Technician,Basic EMT,1027
10721,Darrin,Perkins,Fighterfighter,Basic EMT,1066
10722,Patricia,Franklin,Fighterfighter,Basic EMT,1066
10723,Julius,Haynes,Technician,Basic EMT,1105
10724,Lynn,Wright,Fighterfighter,Basic EMT,1028
10725,Rhonda,Wade,Technician,Basic EMT,1028
10726,Juana,Pope,Fighterfighter,Basic EMT,1067
10727,Becky,Freeman,Fighterfighter,Basic EMT,1067
10728,Winifred,Holloway,Fighterfighter,Basic EMT,1106
10729,Clifton,Rice,Technician,Basic EMT,1106
10730,Jay,Shaw,Technician,Basic EMT,1029
10731,Ernesto,Ford,Fighterfighter,Basic EMT,1068
10732,Gladys,Mann,Technician,Basic EMT,1068
10733,Miranda,Fitzgerald,Fighterfighter,Basic EMT,1107
10734,Laverne,Snyder,Technician,Basic EMT,1107
10735,Meghan,Mccormick,Fighterfighter,Basic EMT,1030
10736,Delores,Garner,Technician,Basic EMT,1030
10737,Gretchen,Frazier,Technician,Basic EMT,1069
10738,Marvin,Mcguire,Fighterfighter,Basic EMT,1069
10739,Meredith,Diaz,Technician,Basic EMT,1108
10740,Jesus,Fields,Fighterfighter,Basic EMT,1031
10741,Rosalie,Olson,Technician,Basic EMT,1031
10742,Laura,Phelps,Fighterfighter,Basic EMT,1070
10743,Guadalupe,Webster,Technician,Basic EMT,1070
10744,Rogelio,Guzman,Fighterfighter,Basic EMT,1109
10745,Bill,Bryan,Technician,Basic EMT,1109
10746,Miranda,Mccormick,Technician,Basic EMT,1032
10747,Nichole,Mcdaniel,Fighterfighter,Basic EMT,1032
10748,Duane,Mcdonald,Technician,Basic EMT,1071
10749,Beatrice,Hodges,Fighterfighter,Basic EMT,1071
10750,Josh,Ortiz,Fighterfighter,Basic EMT,1110
10751,Dale,Welch,Fighterfighter,Basic EMT,1110
10752,Eula,Herrera,Fighterfighter,Basic EMT,1033
10753,Jessie,Higgins,Technician,Basic EMT,1072
10754,Armando,Bass,Fighterfighter,Basic EMT,1072
10755,Diana,Miller,Technician,Basic EMT,1111
10756,Doreen,Rodgers,Fighterfighter,Basic EMT,1111
10757,Lillie,Peterson,Fighterfighter,Basic EMT,1034
10758,Kevin,Love,Fighterfighter,Basic EMT,1034
10759,Allen,Hardy,Technician,Basic EMT,1073
10760,Eric,Greer,Technician,Basic EMT,1112
10761,Amos,Cruz,Fighterfighter,Basic EMT,1112
10762,Steven,Barnes,Fighterfighter,Basic EMT,1035
10763,Delbert,Yates,Technician,Basic EMT,1035
10764,Brent,Medina,Fighterfighter,Basic EMT,1074
10765,Pedro,Fuller,Fighterfighter,Basic EMT,1074
10766,Toby,Ballard,Fighterfighter,Basic EMT,1113
10767,Wilson,Mills,Technician,Basic EMT,1113
10768,Billie,Richardson,Technician,Basic EMT,1036
10769,Alonzo,Simpson,Fighterfighter,Basic EMT,1036
10770,Allison,Casey,Fighterfighter,Basic EMT,1075
10771,Wayne,Hopkins,Technician,Basic EMT,1114
10772,Tammy,Lane,Technician,Basic EMT,1114
10773,Zachary,Gray,Fighterfighter,Basic EMT,1037
10774,Deborah,Alexander,Fighterfighter,Basic EMT,1037
10775,Mindy,Lucas,Technician,Basic EMT,1076
10776,Blanche,Estrada,Fighterfighter,Basic EMT,1076
10777,Sherman,Morgan,Fighterfighter,Basic EMT,1115
10778,Kathryn,Weber,Technician,Basic EMT,1038
10779,Madeline,Romero,Fighterfighter,Basic EMT,1038
10780,Angelica,Nguyen,Fighterfighter,Basic EMT,1077
10781,Darrell,Schultz,Fighterfighter,Basic EMT,1077
10782,Elaine,Martin,Technician,Basic EMT,1116
10783,Cassandra,Jones,Fighterfighter,Basic EMT,1116
10784,Emmett,Griffin,Fighterfighter,Basic EMT,1039
10785,Gerardo,Munoz,Technician,Basic EMT,1039
10786,Camille,Daniels,Fighterfighter,Basic EMT,1078
10787,Tara,Smith,Fighterfighter,Basic EMT,1078
10788,Nelson,Abbott,Fighterfighter,Basic EMT,1117
10789,Cathy,Clarke,Technician,Basic EMT,1036
10790,Marlene,Flowers,Master Technician,Basic EMT,1036
10791,Rhonda,Hamilton,Master Technician,Basic EMT,1036
10792,Clifford,Guzman,Master Technician,Basic EMT,1036
10793,Patsy,Riley,Technician,Basic EMT,1036
10794,Eileen,Lowe,Master Technician,Basic EMT,1036
10795,Terence,Gonzalez,Lieutenant,Basic EMT,1075
10796,Joshua,Herrera,Technician,Basic EMT,1075
10797,Greg,Newman,Technician,Basic EMT,1075
10798,Rex,Chapman,Technician,Basic EMT,1075
10799,Lynette,Becker,Master Technician,Basic EMT,1075
10800,Diane,Thomas,Lieutenant,Basic EMT,1114
10801,Sonya,Burke,Master Technician,Basic EMT,1114
10802,Ronnie,Gutierrez,Technician,Basic EMT,1114
10803,Erin,Chapman,Master Technician,Basic EMT,1114
10804,Glenn,Bowman,Technician,Basic EMT,1114
10805,Mable,Chavez,Master Technician,Basic EMT,1114
10806,Noah,Douglas,Fighterfighter,Basic EMT,1001
10807,Ted,Fuller,Fighterfighter,Basic EMT,1040
10808,Alicia,Porter,Technician,Basic EMT,1079
10809,Freda,Bishop,Fighterfighter,Basic EMT,1002
10810,Noel,Harris,Technician,Basic EMT,1080
10811,William,Collier,Fighterfighter,Basic EMT,1003
10812,Nora,Rodriquez,Technician,Basic EMT,1042
10813,Clyde,Perkins,Fighterfighter,Basic EMT,1081
10814,Kim,Williams,Fighterfighter,Basic EMT,1004
10815,Dan,Mann,Fighterfighter,Basic EMT,1043
10816,Mercedes,Reyes,Technician,Basic EMT,1082
10817,Maxine,Cooper,Technician,Basic EMT,1083
10818,Fred,Fields,Fighterfighter,Basic EMT,1005
10819,Seth,Harper,Technician,Basic EMT,1044
10820,Anthony,Stone,Fighterfighter,Basic EMT,1083
10821,Guy,Hernandez,Fighterfighter,Basic EMT,1006
10822,Kerry,Love,Fighterfighter,Basic EMT,1045
10823,Wilson,Patterson,Fighterfighter,Basic EMT,1006
10824,Israel,Wood,Fighterfighter,Basic EMT,1007
10825,Kendra,Park,Technician,Basic EMT,1046
10826,Ruben,Morrison,Fighterfighter,Basic EMT,1085
10827,Robert,Cortez,Fighterfighter,Basic EMT,1007
10828,Ted,Willis,Fighterfighter,Basic EMT,1046
10829,Willie,Carson,Technician,Basic EMT,1085
10830,Wendell,Cannon,Technician,Basic EMT,1086
10831,Gilberto,Evans,Fighterfighter,Basic EMT,1008
10832,Patrick,Kelly,Technician,Basic EMT,1047
10833,Kristina,Phillips,Fighterfighter,Basic EMT,1086
10834,Tyrone,Casey,Fighterfighter,Basic EMT,1009
10835,Adrian,Andrews,Technician,Basic EMT,1087
10836,Melanie,Reyes,Technician,Basic EMT,1049
10837,Brittany,George,Fighterfighter,Basic EMT,1088
10838,Kerry,Maldonado,Fighterfighter,Basic EMT,1011
10839,Lynette,Barnett,Fighterfighter,Basic EMT,1050
10840,Terry,Marsh,Fighterfighter,Basic EMT,1012
10841,Clifford,Stokes,Technician,Basic EMT,1090
10842,Katherine,Bates,Fighterfighter,Basic EMT,1013
10843,Essie,Anderson,Technician,Basic EMT,1052
10844,Simon,Osborne,Fighterfighter,Basic EMT,1091
10845,Mildred,Weber,Fighterfighter,Basic EMT,1014
10846,Cory,Oliver,Technician,Basic EMT,1053
10847,Jerry,Blake,Fighterfighter,Basic EMT,1015
10848,Carolyn,Sanchez,Fighterfighter,Basic EMT,1054
10849,Iris,Davis,Technician,Basic EMT,1093
10850,Luis,Schmidt,Fighterfighter,Basic EMT,1016
10851,Olga,Carpenter,Technician,Basic EMT,1094
10852,Andy,Moran,Fighterfighter,Basic EMT,1017
10853,Melinda,Ramirez,Fighterfighter,Basic EMT,1095
10854,Enrique,Drake,Fighterfighter,Basic EMT,1018
10855,Chad,Hudson,Fighterfighter,Basic EMT,1057
10856,Bob,Wilkins,Technician,Basic EMT,1096
10857,Allan,Little,Technician,Basic EMT,1097
10858,Manuel,Norris,Fighterfighter,Basic EMT,1019
10859,Paulette,Santos,Technician,Basic EMT,1097
10860,Woodrow,Buchanan,Fighterfighter,Basic EMT,1020
10861,Rochelle,Baldwin,Technician,Basic EMT,1059
10862,Helen,Stone,Fighterfighter,Basic EMT,1021
10863,Lula,Sutton,Technician,Basic EMT,1060
10864,Franklin,Perez,Fighterfighter,Basic EMT,1099
10865,Jackie,Drake,Fighterfighter,Basic EMT,1022
10866,Rosie,Hale,Fighterfighter,Basic EMT,1061
10867,Cecil,Richards,Technician,Basic EMT,1100
10868,Lillie,Doyle,Technician,Basic EMT,1101
10869,Denise,Fleming,Fighterfighter,Basic EMT,1024
10870,Leo,Moreno,Technician,Basic EMT,1063
10871,Julius,Hunter,Fighterfighter,Basic EMT,1102
10872,Monica,Ruiz,Fighterfighter,Basic EMT,1064
10873,Ed,Holland,Technician,Basic EMT,1103
10874,Clint,Bradley,Technician,Basic EMT,1104
10875,James,Rose,Fighterfighter,Basic EMT,1027
10876,Danny,Carson,Technician,Basic EMT,1105
10877,Kelley,Salazar,Technician,Basic EMT,1067
10878,Hattie,Parker,Fighterfighter,Basic EMT,1106
10879,Ella,Green,Fighterfighter,Basic EMT,1029
10880,Nora,Clark,Technician,Basic EMT,1068
10881,Pearl,Shaw,Fighterfighter,Basic EMT,1107
10882,Chris,Castro,Fighterfighter,Basic EMT,1030
10883,Lonnie,Barnes,Fighterfighter,Basic EMT,1069
10884,Eloise,Barton,Technician,Basic EMT,1108
10885,Blanca,Watkins,Fighterfighter,Basic EMT,1031
10886,Fredrick,Love,Fighterfighter,Basic EMT,1032
10887,Marlene,Reid,Technician,Basic EMT,1071
10888,Micah,Duarte,Fighterfighter,Basic EMT,1033
10889,Cullen,Mayer,Fighterfighter,Basic EMT,1072
10890,Norma,Murphy,Technician,Basic EMT,1111
10891,Everett,Weber,Fighterfighter,Basic EMT,1034
10892,Holly,Mitchell,Fighterfighter,Basic EMT,1035
10893,Shelly,Baker,Fighterfighter,Basic EMT,1074
10894,Pam,Holloway,Technician,Basic EMT,1113
10895,Blake,Blair,Fighterfighter,Basic EMT,1036
10896,Eva,Cantu,Technician,Basic EMT,1114
10897,Ariel,Roth,Fighterfighter,Basic EMT,1037
10898,Wilbert,Carroll,Fighterfighter,Basic EMT,1115
10899,Vincent,Figueroa,Fighterfighter,Basic EMT,1038
10900,Rachael,Mann,Fighterfighter,Basic EMT,1077
10901,Myron,Meyer,Technician,Basic EMT,1116
10902,Mae,Guzman,Technician,Basic EMT,1117
10903,Chelsea,Neal,Lieutenant,Basic EMT,1008
10904,Shaun,Wheeler,Master Technician,Basic EMT,1008
10905,Cedric,Ball,Master Technician,Basic EMT,1008
10906,Sergio,Webster,Lieutenant,Basic EMT,1047
10907,Antoinette,Watson,Master Technician,Basic EMT,1047
10908,Silvia,Franklin,Lieutenant,Basic EMT,1086
10909,Ivan,Holt,Master Technician,Basic EMT,1086
10910,Becky,Stevenson,Master Technician,Basic EMT,1086
10911,Janice,Cunningham,Technician,Basic EMT,1086
10912,Wanda,Becker,Lieutenant,Basic EMT,1011
10913,Darrell,Wagner,Master Technician,Basic EMT,1011
10914,Gary,Simmons,Technician,Basic EMT,1011
10915,Arnold,Mendoza,Master Technician,Basic EMT,1050
10916,Tommy,Garza,Master Technician,Basic EMT,1050
10917,Bradley,Aguilar,Master Technician,Basic EMT,1050
10918,Wilfred,Bowen,Master Technician,Basic EMT,1089
10919,Michele,West,Technician,Basic EMT,1089
10920,Evelyn,Pope,Lieutenant,Basic EMT,1015
10921,Ralph,Powell,Master Technician,Basic EMT,1015
10922,Van,Graves,Master Technician,Basic EMT,1015
10923,Austin,Collins,Lieutenant,Basic EMT,1054
10924,Marshall,Hogan,Master Technician,Basic EMT,1054
10925,Misty,Johnson,Master Technician,Basic EMT,1054
10926,Cecelia,Castillo,Lieutenant,Basic EMT,1093
10927,Margie,Aguilar,Master Technician,Basic EMT,1093
10928,Rex,Rodriquez,Technician,Basic EMT,1093
10929,Monique,Burke,Lieutenant,Basic EMT,1016
10930,Earl,Francis,Master Technician,Basic EMT,1016
10931,Keith,Bryant,Technician,Basic EMT,1016
10932,Laurence,Moran,Lieutenant,Basic EMT,1055
10933,Claude,Pearson,Master Technician,Basic EMT,1055
10934,Devin,Thomas,Master Technician,Basic EMT,1055
10935,Erika,Nguyen,Lieutenant,Basic EMT,1094
10936,Molly,Barton,Master Technician,Basic EMT,1094
10937,Percy,Walters,Master Technician,Basic EMT,1094
10938,Priscilla,Mason,Lieutenant,Basic EMT,1018
10939,Joyce,Morton,Master Technician,Basic EMT,1018
10940,Jesus,Soto,Master Technician,Basic EMT,1018
10941,Wendy,Yates,Technician,Basic EMT,1018
10942,Faye,Sanders,Master Technician,Basic EMT,1057
10943,Mayra,Arellano,Master Technician,Basic EMT,1057
10944,Reece,Valencia,Master Technician,Basic EMT,1057
10945,Aaliyah,Roberson,Master Technician,Basic EMT,1096
10946,Carla,Doyle,Master Technician,Basic EMT,1096
10947,Hassan,Finley,Technician,Basic EMT,1096
10948,Justine,Long,Master Technician,Basic EMT,1023
10949,Coby,Bond,Master Technician,Basic EMT,1023
10950,Sophia,Carson,Technician,Basic EMT,1023
10951,Sheila,Bridges,Lieutenant,Basic EMT,1062
10952,Mark,Payne,Master Technician,Basic EMT,1062
10953,Jose,Pierce,Master Technician,Basic EMT,1062
10954,Angel,Fernandez,Master Technician,Basic EMT,1062
10955,Cathy,Hawkins,Lieutenant,Basic EMT,1101
10956,Jacquelyn,Neal,Master Technician,Basic EMT,1101
10957,Margie,Ellis,Technician,Basic EMT,1101
10958,Jeanette,Bass,Lieutenant,Basic EMT,1035
10959,Pamela,Simpson,Master Technician,Basic EMT,1035
10960,Nicholas,Yates,Technician,Basic EMT,1035
10961,Marcia,Allison,Master Technician,Basic EMT,1074
10962,Erma,Hanson,Master Technician,Basic EMT,1074
10963,Delores,Holmes,Lieutenant,Basic EMT,1113
10964,Vicky,Nash,Master Technician,Basic EMT,1113
10965,Jackie,Hayes,Technician,Basic EMT,1113
10966,Jeannie,Kennedy,Lieutenant,Basic EMT,1039
10967,Wilbur,Austin,Master Technician,Basic EMT,1039
10968,Andrea,Simon,Lieutenant,Basic EMT,1078
10969,Virgil,Simmons,Master Technician,Basic EMT,1078
10970,Mona,King,Master Technician,Basic EMT,1078
10971,Jessica,Webster,Lieutenant,Basic EMT,1117
10972,Lee,Massey,Technician,Basic EMT,1117
10973,Tonya,Salazar,Fighterfighter,Basic EMT,1001
10974,Tara,Garner,Master Technician,Basic EMT,1001
10975,Guillermo,Greer,Fighterfighter,Basic EMT,1001
10976,Franklin,Dixon,Fighterfighter,Basic EMT,1040
10977,Myron,Lee,Technician,Basic EMT,1040
10978,Candice,Crawford,Master Technician,Basic EMT,1079
10979,Nadine,Barnett,Fighterfighter,Basic EMT,1079
10980,Marie,Foster,Fighterfighter,Basic EMT,1079
10981,Allan,Lyons,Fighterfighter,Basic EMT,1004
10982,Abel,Summers,Fighterfighter,Basic EMT,1004
10983,Lee,Hernandez,Fighterfighter,Basic EMT,1043
10984,Armando,Rogers,Fighterfighter,Basic EMT,1043
10985,Jamie,Garrett,Technician,Basic EMT,1043
10986,David,Patterson,Fighterfighter,Basic EMT,1082
10987,Rohan,Cross,Fighterfighter,Basic EMT,1082
10988,Kierra,Parsons,Fighterfighter,Basic EMT,1005
10989,Christopher,Murphy,Fighterfighter,Basic EMT,1005
10990,Elaina,Hanson,Fighterfighter,Basic EMT,1044
10991,Makai,Grimes,Fighterfighter,Basic EMT,1044
10992,Madelyn,Schaefer,Technician,Basic EMT,1044
10993,Stella,Gilmore,Lieutenant,Basic EMT,1083
10994,Brayan,Soto,Master Technician,Basic EMT,1083
10995,Vincent,Howard,Fighterfighter,Basic EMT,1083
10996,Braylon,Allen,Lieutenant,Basic EMT,1007
10997,Brittany,Merritt,Fighterfighter,Basic EMT,1007
10998,Madeline,Butler,Master Technician,Basic EMT,1007
10999,Walter,Murray,Lieutenant,Basic EMT,1046
11000,Tricia,Pena,Fighterfighter,Basic EMT,1046
11001,Lynn,Hines,Technician,Basic EMT,1046
11002,Roxanne,Jimenez,Lieutenant,Basic EMT,1085
11003,Marty,Bailey,Master Technician,Basic EMT,1085
11004,Opal,Larson,Fighterfighter,Basic EMT,1085
11005,Megan,Schultz,Fighterfighter,Basic EMT,1008
11006,Delia,Williamson,Master Technician,Basic EMT,1008
11007,Arlene,Roy,Lieutenant,Basic EMT,1047
11008,Veronica,Newton,Fighterfighter,Basic EMT,1047
11009,Lynne,Carpenter,Technician,Basic EMT,1047
11010,Eduardo,Holloway,Master Technician,Basic EMT,1086
11011,Eileen,Baker,Fighterfighter,Basic EMT,1086
11012,Kirk,Copeland,Lieutenant,Basic EMT,1019
11013,Erika,Carlson,Fighterfighter,Basic EMT,1019
11014,Orville,Cain,Fighterfighter,Basic EMT,1019
11015,Lee,Carson,Lieutenant,Basic EMT,1058
11016,Paula,Grant,Fighterfighter,Basic EMT,1058
11017,Calvin,Wise,Technician,Basic EMT,1058
11018,Wendell,Sandoval,Master Technician,Basic EMT,1097
11019,Charlie,Chandler,Fighterfighter,Basic EMT,1097
11020,Dallas,Hoffman,Fighterfighter,Basic EMT,1097
11021,Clara,Moody,Lieutenant,Basic EMT,1021
11022,Andrea,Schneider,Fighterfighter,Basic EMT,1021
11023,Karen,Bradley,Fighterfighter,Basic EMT,1021
11024,Julio,Thompson,Lieutenant,Basic EMT,1060
11025,Cody,Day,Fighterfighter,Basic EMT,1060
11026,Eddie,Craig,Technician,Basic EMT,1060
11027,Winston,Coleman,Master Technician,Basic EMT,1099
11028,Bonnie,Walker,Fighterfighter,Basic EMT,1099
11029,Spencer,Riley,Fighterfighter,Basic EMT,1099
11030,Myra,Potter,Fighterfighter,Basic EMT,1022
11031,Myron,Lyons,Master Technician,Basic EMT,1022
11032,June,Greer,Fighterfighter,Basic EMT,1022
11033,Cary,Martinez,Fighterfighter,Basic EMT,1061
11034,Oscar,Yates,Fighterfighter,Basic EMT,1061
11035,Edna,Lowe,Lieutenant,Basic EMT,1100
11036,Leo,Burgess,Master Technician,Basic EMT,1100
11037,Jackie,Lopez,Fighterfighter,Basic EMT,1100
11038,Jane,Huff,Fighterfighter,Basic EMT,1100
11039,Patricia,Davidson,Fighterfighter,Basic EMT,1026
11040,Doug,Morgan,Master Technician,Basic EMT,1026
11041,Tonya,Lee,Lieutenant,Basic EMT,1065
11042,Latoya,Francis,Fighterfighter,Basic EMT,1065
11043,Yvette,Lewis,Technician,Basic EMT,1065
11044,Ricky,Bridges,Lieutenant,Basic EMT,1104
11045,Darlene,Mcdonald,Master Technician,Basic EMT,1104
11046,Victoria,Mckenzie,Fighterfighter,Basic EMT,1104
11047,Cory,Craig,Lieutenant,Basic EMT,1027
11048,Lynette,Medina,Fighterfighter,Basic EMT,1027
11049,Christopher,Weber,Master Technician,Basic EMT,1027
11050,Ken,Stevens,Fighterfighter,Basic EMT,1027
11051,Pablo,Long,Fighterfighter,Basic EMT,1066
11052,Helen,Fleming,Fighterfighter,Basic EMT,1066
11053,Estelle,Lambert,Lieutenant,Basic EMT,1105
11054,Steve,Allison,Master Technician,Basic EMT,1105
11055,Eddie,Alexander,Fighterfighter,Basic EMT,1105
11056,Rachel,Ford,Fighterfighter,Basic EMT,1105
11057,Clinton,Carlson,Lieutenant,Basic EMT,1032
11058,Roman,Munoz,Master Technician,Basic EMT,1032
11059,Fernando,Floyd,Fighterfighter,Basic EMT,1032
11060,Miriam,Simpson,Fighterfighter,Basic EMT,1071
11061,Amanda,Mccoy,Technician,Basic EMT,1071
11062,Loretta,Morton,Master Technician,Basic EMT,1110
11063,Toby,Brooks,Fighterfighter,Basic EMT,1110
11064,Vicki,Lynch,Lieutenant,Basic EMT,1034
11065,Patti,Mcgee,Fighterfighter,Basic EMT,1034
11066,Beulah,Mann,Fighterfighter,Basic EMT,1034
11067,Rita,Walker,Lieutenant,Basic EMT,1073
11068,Julio,Stewart,Fighterfighter,Basic EMT,1073
11069,Roberto,Miller,Technician,Basic EMT,1073
11070,Estelle,Sims,Lieutenant,Basic EMT,1112
11071,Sammy,Ramsey,Fighterfighter,Basic EMT,1112
11072,Judith,Nunez,Lieutenant,Basic EMT,1036
11073,Jon,Sutton,Fighterfighter,Basic EMT,1036
11074,May,Bass,Fighterfighter,Basic EMT,1036
11075,Roxanne,Massey,Lieutenant,Basic EMT,1075
11076,Maxine,Medina,Fighterfighter,Basic EMT,1075
11077,Bobby,Drake,Technician,Basic EMT,1075
11078,Leslie,Mitchell,Lieutenant,Basic EMT,1114
11079,Gail,Black,Fighterfighter,Basic EMT,1114
11080,Neal,Cummings,Fighterfighter,Basic EMT,1114
11081,Marcos,Carter,Fighterfighter,Basic EMT,1037
11082,Roberta,Waters,Fighterfighter,Basic EMT,1037
11083,Lorena,Hunter,Fighterfighter,Basic EMT,1076
11084,Austin,Davis,Technician,Basic EMT,1076
11085,Lewis,Porter,Master Technician,Basic EMT,1115
11086,Frank,Parsons,Fighterfighter,Basic EMT,1115
11087,Patti,Bass,Fighterfighter,Basic EMT,1115
11088,Jerome,Chambers,Technician,Basic EMT,1048
11089,Robin,Vargas,Technician,Basic EMT,1087
11090,Robyn,Butler,Fighterfighter,Basic EMT,1009
11091,Jeanette,Jensen,Fighterfighter,Basic EMT,1087
11092,Juanita,Ray,Technician,Basic EMT,1013
11093,Jody,Mack,Technician,Basic EMT,1091
11094,Willie,Hicks,Fighterfighter,Basic EMT,1013
11095,Sean,Barnes,Fighterfighter,Basic EMT,1052
11096,Dean,Jordan,Technician,Basic EMT,1017
11097,Alison,Barnett,Technician,Basic EMT,1056
11098,Marcia,Stevenson,Fighterfighter,Basic EMT,1017
11099,Horace,Myers,Fighterfighter,Basic EMT,1056
11100,Della,Byrd,Technician,Basic EMT,1035
11101,Tami,Mack,Technician,Basic EMT,1074
11102,Michelle,Underwood,Fighterfighter,Basic EMT,1035
11103,Rodney,Steele,Fighterfighter,Basic EMT,1074
11104,Fred,Kennedy,Technician,Basic EMT,1037
11105,Natalie,Walker,Technician,Basic EMT,1076
11106,Dominic,Harrison,Fighterfighter,Basic EMT,1037
11107,Elbert,Douglas,Fighterfighter,Basic EMT,1115
11108,Fannie,Sandoval,Technician,Basic EMT,1038
11109,Daniel,Boyd,Technician,Basic EMT,1116
11110,Renee,Wright,Fighterfighter,Basic EMT,1077
11111,Mike,Wilson,Captain I,Paramedic,
11112,Brian,Smith,Captain I,Paramedic,
11113,Jon,Mayment,Captain I,Paramedic,
11114,Ollie,Brock,Deputy Chief,Basic EMT,
11115,Lance,Ortiz,Deputy Chief,Advanced EMT,
11116,Bobbi,Hogan,Deputy Chief,Basic EMT,
11117,Emanuel,Cantrell,Deputy Chief,Basic EMT,
11118,Ed,Rivera,Deputy Chief,Advanced EMT,
11119,Amalia,Manning,Deputy Chief,Basic EMT,
